label,action_name,n_samples,recall_at_1,recall_at_5,average_precision,mean_rank,median_rank,confusion_rate,most_confused_with,most_confused_count
0,Svend Press,36,0.027777777777777776,0.1388888888888889,0.11595997768873996,18.5,18.5,0.0,N/A,0
1,Kneeling Push-ups,36,0.027777777777777776,0.1388888888888889,0.11350799384052891,21.61111111111111,18.5,0.0,N/A,0
2,Standing Straight-arm Chest Press With Resistance Band,36,0.027777777777777776,0.1388888888888889,0.11595997768873996,18.5,18.5,0.0,N/A,0
3,Small Dumbbell Floor Flies,36,0.027777777777777776,0.1388888888888889,0.11595997768873996,18.5,18.5,0.0,N/A,0
4,Chest Fly,36,0.027777777777777776,0.1388888888888889,0.11595997768873995,18.5,18.5,0.0,N/A,0
5,Push-ups,36,0.027777777777777776,0.1388888888888889,0.1128688819904279,22.0,18.5,0.0,N/A,0
6,Bent-over W-shape Stretch,36,0.027777777777777776,0.1388888888888889,0.11595997768873996,18.5,18.5,0.0,N/A,0
7,Bent-over Y-shape Stretch,36,0.027777777777777776,0.1388888888888889,0.11595997768873996,18.5,18.5,0.0,N/A,0
8,Bent-over A-shape Stretch,36,0.027777777777777776,0.1388888888888889,0.11595997768873996,18.5,18.5,0.0,N/A,0
9,Squat With Arm Lift,36,0.027777777777777776,0.1388888888888889,0.11595997768873996,18.5,18.5,0.0,N/A,0
10,Breaststroke Arm Pull,36,0.027777777777777776,0.1388888888888889,0.11595997768873999,18.5,18.5,0.0,N/A,0
11,Prone Y-shape Stretch,36,0.027777777777777776,0.1388888888888889,0.11485417113447699,19.77777777777778,18.5,0.0,N/A,0
12,Lateral Raise Forward Circles,36,0.027777777777777776,0.1388888888888889,0.11595997768873996,18.5,18.5,0.0,N/A,0
13,Lateral Raise Backward Circles,36,0.027777777777777776,0.1388888888888889,0.11595997768873995,18.5,18.5,0.0,N/A,0
14,Lying Shoulder Joint Upward Round,36,0.027777777777777776,0.1388888888888889,0.10419248864410481,23.666666666666668,24.5,0.0,N/A,0
15,Lying Shoulder Joint Downward Round,36,0.027777777777777776,0.1388888888888889,0.11299153850095671,24.13888888888889,18.5,0.0,N/A,0
16,Bare-handed Full Lateral Raise,36,0.027777777777777776,0.1388888888888889,0.11595997768873996,18.5,18.5,0.0,N/A,0
17,Bare-handed Cuban Press,36,0.027777777777777776,0.1388888888888889,0.11595997768873996,18.5,18.5,0.0,N/A,0
18,Fortune Cat,36,0.027777777777777776,0.1388888888888889,0.11595997768873999,18.5,18.5,0.0,N/A,0
19,Dumbbell Curls,36,0.027777777777777776,0.1388888888888889,0.11595997768873996,18.5,18.5,0.0,N/A,0
20,Alternate Dumbbell Curls,36,0.027777777777777776,0.1388888888888889,0.11595997768873996,18.5,18.5,0.0,N/A,0
21,Right-side Kettlebell Bent-over Row,36,0.027777777777777776,0.1388888888888889,0.11595997768873996,18.5,18.5,0.0,N/A,0
22,Wrist Joint Warm-up,36,0.027777777777777776,0.1388888888888889,0.11595997768873996,18.5,18.5,0.0,N/A,0
23,Right-side Bent-over Tricep Extension With Resistance Band,36,0.027777777777777776,0.1388888888888889,0.11595997768873996,18.5,18.5,0.0,N/A,0
24,Bent-over Dumbbell Tricep Extension,36,0.027777777777777776,0.1388888888888889,0.11003452311751499,23.5,21.5,0.0,N/A,0
25,Nod And Raise Head,36,0.027777777777777776,0.1388888888888889,0.11595997768873996,18.5,18.5,0.0,N/A,0
26,Two-way Head Turn,36,0.027777777777777776,0.1388888888888889,0.1110202570642625,26.61111111111111,18.5,0.0,N/A,0
27,Shrug And Sink The Shoulders,36,0.027777777777777776,0.1388888888888889,0.11572361089280564,18.833333333333332,18.5,0.0,N/A,0
28,Four-way Nod Head,36,0.027777777777777776,0.1111111111111111,0.08728773556260871,30.11111111111111,31.0,0.0,N/A,0
29,Lying Alternate Upper-half Leg Raise,36,0.027777777777777776,0.1388888888888889,0.11595997768873996,18.5,18.5,0.0,N/A,0
30,Half Roll Back,36,0.027777777777777776,0.1388888888888889,0.11595997768873996,18.5,18.5,0.0,N/A,0
31,Kneeling Right-side Torso Twist,36,0.027777777777777776,0.1388888888888889,0.11595997768873996,18.5,18.5,0.0,N/A,0
32,Left-side Knee Raise And Abdominal Muscles Contract,36,0.027777777777777776,0.1388888888888889,0.11595997768873996,18.5,18.5,0.0,N/A,0
33,Kneeling Right Leg Backward Stretch,36,0.027777777777777776,0.1388888888888889,0.11595997768873996,18.5,18.5,0.0,N/A,0
34,Kneeling Right Arm Raise,36,0.027777777777777776,0.1388888888888889,0.10507906911783467,591.8055555555555,18.5,0.0,N/A,0
35,Shoulder Bridge,36,0.027777777777777776,0.1388888888888889,0.11297143309431955,73.16666666666667,18.5,0.0,N/A,0
36,Prone Press-ups,36,0.027777777777777776,0.1388888888888889,0.11441335307011243,20.0,18.5,0.0,N/A,0
37,Bent-over Torso Rotation,36,0.027777777777777776,0.1388888888888889,0.11595997768873996,18.5,18.5,0.0,N/A,0
38,Lying Arm Pull,36,0.027777777777777776,0.1388888888888889,0.11595997768873996,18.5,18.5,0.0,N/A,0
39,Prone Press Up With Torso Rotation,36,0.027777777777777776,0.1388888888888889,0.11533867055236481,19.305555555555557,18.5,0.0,N/A,0
40,Breaststroke Push-ups,36,0.027777777777777776,0.1388888888888889,0.11595997768873996,18.5,18.5,0.0,N/A,0
41,Sit-ups,36,0.027777777777777776,0.1388888888888889,0.11595997768873999,18.5,18.5,0.0,N/A,0
42,Side-lying Left Leg Forward Raise,36,0.027777777777777776,0.1388888888888889,0.11394633296778893,21.333333333333332,18.5,0.0,N/A,0
43,Right Leg Reverse Lunge,36,0.027777777777777776,0.1388888888888889,0.11595997768873996,18.5,18.5,0.0,N/A,0
44,Kneeling Left Knee Lift,36,0.027777777777777776,0.1388888888888889,0.11595997768873999,18.5,18.5,0.0,N/A,0
45,Alternate Reverse Lunge,36,0.027777777777777776,0.1388888888888889,0.11595997768873996,18.5,18.5,0.0,N/A,0
46,Side-lying Right Leg Backward Kick,36,0.027777777777777776,0.1388888888888889,0.1113837596156514,24.055555555555557,19.0,0.0,N/A,0
47,Left Leg Lunge With Knee Lift,36,0.027777777777777776,0.1388888888888889,0.11595997768873999,18.5,18.5,0.0,N/A,0
48,Sumo Squat,36,0.027777777777777776,0.1388888888888889,0.11595997768873996,18.5,18.5,0.0,N/A,0
49,Straight Leg Calf Raise,36,0.027777777777777776,0.1388888888888889,0.11595997768873999,18.5,18.5,0.0,N/A,0
50,Squat Jump,36,0.027777777777777776,0.1388888888888889,0.11595997768873996,18.5,18.5,0.0,N/A,0
51,Squat With Alternate Knee Lift,36,0.027777777777777776,0.1388888888888889,0.11595997768873996,18.5,18.5,0.0,N/A,0
52,Standing Alternate Butt Kick,36,0.027777777777777776,0.1388888888888889,0.11595997768873999,18.5,18.5,0.0,N/A,0
53,Knee Warm-up,36,0.027777777777777776,0.1388888888888889,0.11595997768873996,18.5,18.5,0.0,N/A,0
54,Butt Kicks,36,0.027777777777777776,0.1388888888888889,0.11595997768873996,18.5,18.5,0.0,N/A,0
55,Jump Left and Right,36,0.027777777777777776,0.1388888888888889,0.11595997768873996,18.5,18.5,0.0,N/A,0
56,Jumping Jacks,36,0.027777777777777776,0.1388888888888889,0.11595997768873996,18.5,18.5,0.0,N/A,0
57,High Knee,36,0.027777777777777776,0.1388888888888889,0.11595997768873999,18.5,18.5,0.0,N/A,0
58,Clap Jacks,36,0.027777777777777776,0.1388888888888889,0.11595997768873999,18.5,18.5,0.0,N/A,0
59,Run In Place With Arm Swing,36,0.027777777777777776,0.1388888888888889,0.11595997768873996,18.5,18.5,0.0,N/A,0
